{
  "articles": [
    {
      "id": 1,
      "title": "How to Brew the Perfect Cup of Coffee",
      "url_slug": "perfect-cup-of-coffee",
      "file": "./content/01_perfect_cup.md",
      "target_keyword": "how to brew coffee",
      "keyword_difficulty": 25,
      "target_volume": 2000,
      "published_date": "2025-11-12",
      "word_count": 2500,
      "status": "published",
      "content_gaps_addressed": ["brewing methods"],
      "estimated_traffic_monthly": "150-250",
      "related_articles": [2, 3]
    },
    {
      "id": 2,
      "title": "Coffee Bean Types and Origins",
      "url_slug": "coffee-bean-types",
      "file": "./content/02_bean_types.md",
      "target_keyword": "types of coffee beans",
      "keyword_difficulty": 20,
      "target_volume": 1500,
      "published_date": "2025-11-05",
      "word_count": 2200,
      "status": "published",
      "content_gaps_addressed": ["coffee origins"],
      "estimated_traffic_monthly": "120-180",
      "related_articles": [1, 3]
    },
    {
      "id": 3,
      "title": "Essential Coffee Equipment Guide",
      "url_slug": "coffee-equipment-guide",
      "file": "./content/03_equipment.md",
      "target_keyword": "coffee brewing equipment",
      "keyword_difficulty": 28,
      "target_volume": 1200,
      "published_date": "2025-10-29",
      "word_count": 2800,
      "status": "published",
      "content_gaps_addressed": ["equipment"],
      "estimated_traffic_monthly": "100-150",
      "related_articles": [1, 2]
    }
  ]
}
